name,email,document
Spike Barrett,s.barrett@randatmail.com,35878556170
Camila Fowler,c.fowler@randatmail.com,14461487008
Chelsea Cunningham,c.cunningham@randatmail.com,44394161100
Catherine Thompson,c.thompson@randatmail.com,3957485851
Brooke Holmes,b.holmes@randatmail.com,48872840805
Violet Myers,v.myers@randatmail.com,22468125770
Martin Adams,m.adams@randatmail.com,60537335803
Jordan Jones,j.jones@randatmail.com,5684240852
Kirsten Cooper,k.cooper@randatmail.com,6885764787
Roland Campbell,r.campbell@randatmail.com,50655272534
Maria Kelly,m.kelly@randatmail.com,50991026039
Arianna Higgins,a.higgins@randatmail.com,63507918358
Alexia Russell,a.russell@randatmail.com,91668272300
Tony Cunningham,t.cunningham@randatmail.com,27994612806
Adam Andrews,a.andrews@randatmail.com,81728705827
Frederick Russell,f.russell@randatmail.com,27186650929
George Tucker,g.tucker@randatmail.com,87503509864
Alexander Foster,a.foster@randatmail.com,76959274656
Lana Rogers,l.rogers@randatmail.com,26093785050
Robert Harper,r.harper@randatmail.com,9128811607
Connie Smith,c.smith@randatmail.com,51772870099
Deanna Tucker,d.tucker@randatmail.com,51523453311
Frederick Morrison,f.morrison@randatmail.com,76117138253
Ryan Moore,r.moore@randatmail.com,68324835709
Paul Montgomery,p.montgomery@randatmail.com,44940565700
Edward Hawkins,e.hawkins@randatmail.com,34209421502
Kellan Wright,k.wright@randatmail.com,404666043
David Tucker,d.tucker@randatmail.com,18791432405
Stuart Davis,s.davis@randatmail.com,74936425320
Harold Fowler,h.fowler@randatmail.com,62762588731
Kirsten Spencer,k.spencer@randatmail.com,76965549130
Evelyn Campbell,e.campbell@randatmail.com,83676012208
Fenton Fowler,f.fowler@randatmail.com,39876124951
Alexander Warren,a.warren@randatmail.com,89368817448
Aiden Martin,a.martin@randatmail.com,86372349256
Melanie Morgan,m.morgan@randatmail.com,38899628742
Daisy Douglas,d.douglas@randatmail.com,7558700345
Adam Harper,a.harper@randatmail.com,45469755380
Abigail Adams,a.adams@randatmail.com,9236175821
John Spencer,j.spencer@randatmail.com,63933302102
Leonardo Casey,l.casey@randatmail.com,57197787300
Maddie Edwards,m.edwards@randatmail.com,77199801580
Frederick Lloyd,f.lloyd@randatmail.com,78877180668
George Thomas,g.thomas@randatmail.com,49766282480
Jasmine Douglas,j.douglas@randatmail.com,76248897069
Adele Reed,a.reed@randatmail.com,20334447755
Miley Mitchell,m.mitchell@randatmail.com,30825380456
Justin Stewart,j.stewart@randatmail.com,16385128849
Connie Murphy,c.murphy@randatmail.com,42137169967
Ned Cole,n.cole@randatmail.com,35375827220
Deanna Murray,d.murray@randatmail.com,15461650961
Tara West,t.west@randatmail.com,57320120445
Henry Hill,h.hill@randatmail.com,27923658978
James Ellis,j.ellis@randatmail.com,20433076658
Jordan Clark,j.clark@randatmail.com,60804360944
Brooke Montgomery,b.montgomery@randatmail.com,82161439669
Alberta Howard,a.howard@randatmail.com,80590955012
Cadie Roberts,c.roberts@randatmail.com,19137315455
Wilson Sullivan,w.sullivan@randatmail.com,47672350498
Adrian Phillips,a.phillips@randatmail.com,51608524418
April Kelly,a.kelly@randatmail.com,54589253941
Charlotte West,c.west@randatmail.com,63064973401
Rosie Taylor,r.taylor@randatmail.com,95295871126
Annabella Henderson,a.henderson@randatmail.com,70592878414
Lilianna West,l.west@randatmail.com,48668910922
Catherine Martin,c.martin@randatmail.com,29142687349
Aldus Cole,a.cole@randatmail.com,11940178517
Roland Hall,r.hall@randatmail.com,7720497007
Sydney Ross,s.ross@randatmail.com,97767554104
Catherine Morrison,c.morrison@randatmail.com,12258651662
Alan Russell,a.russell@randatmail.com,53850432300
Mike Warren,m.warren@randatmail.com,6587637175
Belinda Miller,b.miller@randatmail.com,71637363044
Mike Morrison,m.morrison@randatmail.com,73292673682
Chester Tucker,c.tucker@randatmail.com,96616814300
Alisa Nelson,a.nelson@randatmail.com,18622352609
Tiana Ryan,t.ryan@randatmail.com,82175058107
Oscar Mason,o.mason@randatmail.com,60295822597
Rubie Craig,r.craig@randatmail.com,57268829388
Spike Farrell,s.farrell@randatmail.com,50485991799
Nicole Rogers,n.rogers@randatmail.com,32107288364
Blake Mitchell,b.mitchell@randatmail.com,92260575161
Maximilian Crawford,m.crawford@randatmail.com,61216777756
Harold Murphy,h.murphy@randatmail.com,18066968949
Clark Alexander,c.alexander@randatmail.com,79227781714
Natalie Baker,n.baker@randatmail.com,38627747245
Abraham Lloyd,a.lloyd@randatmail.com,25107925634
Jessica Adams,j.adams@randatmail.com,33390708570
Adelaide Dixon,a.dixon@randatmail.com,29610388809
William Davis,w.davis@randatmail.com,22259009220
Lily Cooper,l.cooper@randatmail.com,1359572309
Oscar Hawkins,o.hawkins@randatmail.com,10560550308
Alexia Cunningham,a.cunningham@randatmail.com,76629196503
Aiden Carter,a.carter@randatmail.com,83289329704
Roman Wilson,r.wilson@randatmail.com,30795705883
Rubie Cunningham,r.cunningham@randatmail.com,77124711266
Reid Robinson,r.robinson@randatmail.com,45362877607
Elian Watson,e.watson@randatmail.com,2575661129
Chelsea Smith,c.smith@randatmail.com,84402364841
Lenny Cooper,l.cooper@randatmail.com,33666669352
