name,email,document
Jadirene Viana,jadirene.viana@example.com,9568905120
Kassiane Rezende,kassiane.rezende@example.com,5628912697
Traia da Conceição,traia.daconceicao@example.com,56230703106
Lvia Gonçalves,lvia.goncalves@example.com,62705431004
Enoque da Cruz,enoque.dacruz@example.com,37398816901
Bértil Almeida,bertil.almeida@example.com,22666785238
Messias da Paz,messias.dapaz@example.com,31339717433
Cinira Cardoso,cinira.cardoso@example.com,69299385300
Angélica Silva,angelica.silva@example.com,25213805396
Ema Cavalcanti,ema.cavalcanti@example.com,74485738108
Anastácia Barbosa,anastacia.barbosa@example.com,55713780937
Laertes das Neves,laertes.dasneves@example.com,71592412823
Toledo Teixeira,toledo.teixeira@example.com,88732567324
Santiago da Conceição,santiago.daconceicao@example.com,24973951528
Jácome Silveira,jacome.silveira@example.com,69669453402
Aníbal Gonçalves,anibal.goncalves@example.com,31542736625
Jocieri Ramos,jocieri.ramos@example.com,6639611902
Vanda Moura,vanda.moura@example.com,2421942144
Leonara Martins,leonara.martins@example.com,57026174797
Ada Lopes,ada.lopes@example.com,65727592534
Martina Jesus,martina.jesus@example.com,51089454775
Bento Vieira,bento.vieira@example.com,70030044960
Domínico Araújo,dominico.araujo@example.com,45114242504
Juciele Nascimento,juciele.nascimento@example.com,58690510290
Mile Martins,mile.martins@example.com,14641484902
Nói Araújo,noi.araujo@example.com,22449506381
Rosana Oliveira,rosana.oliveira@example.com,38493562130
Andréia Nogueira,andreia.nogueira@example.com,87263671069
Anadir Silveira,anadir.silveira@example.com,89068739999
Célia Martins,celia.martins@example.com,21262812054
Júnio Pinto,junio.pinto@example.com,4294454660
Clecira Barbosa,clecira.barbosa@example.com,53136878833
Saúl Pinto,saul.pinto@example.com,68160555784
Gávio Rezende,gavio.rezende@example.com,50213290146
Albina da Mata,albina.damata@example.com,99112490008
Veridiano Caldeira,veridiano.caldeira@example.com,22820658083
Clecira Freitas,clecira.freitas@example.com,25842782359
Mário Rezende,mario.rezende@example.com,6642189205
Orandino da Cruz,orandino.dacruz@example.com,57517177249
Hercília Farias,hercilia.farias@example.com,94492113967
Evelyni Moreira,evelyni.moreira@example.com,93915460052
Nadir Castro,nadir.castro@example.com,60530545349
Elvira Costa,elvira.costa@example.com,48019099069
Bebiano da Cruz,bebiano.dacruz@example.com,66082930460
Araci Viana,araci.viana@example.com,10430902409
Vita Silveira,vita.silveira@example.com,99827473395
Zeleida da Conceição,zeleida.daconceicao@example.com,27928622890
Dânia Moura,dania.moura@example.com,22321939001
Dionésia Araújo,dionesia.araujo@example.com,41517807697
Minervina Nogueira,minervina.nogueira@example.com,4111968392
Daniela Lopes,daniela.lopes@example.com,21233929011
Aureliano Rocha,aureliano.rocha@example.com,24677832439
Coralina Barbosa,coralina.barbosa@example.com,39787012945
Isabelita Lima,isabelita.lima@example.com,33099446033
Aramis Moraes,aramis.moraes@example.com,21392333520
Antonieta Barros,antonieta.barros@example.com,98977368677
Graciele da Cruz,graciele.dacruz@example.com,61967678871
Laércio Barros,laercio.barros@example.com,35289370331
Magnólia Lopes,magnolia.lopes@example.com,88557298536
Felicíssimo Pinto,felicissimo.pinto@example.com,98170333687
Delani Martins,delani.martins@example.com,60749802766
Fábio Novaes,fabio.novaes@example.com,79039804400
Duarte Santos,duarte.santos@example.com,65078882227
Ausendo Araújo,ausendo.araujo@example.com,72158703326
Andrés Cavalcanti,andres.cavalcanti@example.com,33206958199
Ndrea Ramos,ndrea.ramos@example.com,10788357646
Airumã da Mota,airuma.damota@example.com,28332081629
Telmo Alves,telmo.alves@example.com,87486291622
Heliodoro da Mata,heliodoro.damata@example.com,8463261400
Dimas Barbosa,dimas.barbosa@example.com,63952874515
Caíco Cavalcanti,caico.cavalcanti@example.com,36572685535
Vânea Monteiro,vanea.monteiro@example.com,68848180507
Ludovico Melo,ludovico.melo@example.com,87423737941
Zeferina Cavalcanti,zeferina.cavalcanti@example.com,72799536204
Rebeca Pereira,rebeca.pereira@example.com,37780794172
Melinda das Neves,melinda.dasneves@example.com,8352946099
Alana Nascimento,alana.nascimento@example.com,73778716280
Evelyn Rocha,evelyn.rocha@example.com,6077271608
Óscar da Paz,oscar.dapaz@example.com,72267956470
Inamar Moreira,inamar.moreira@example.com,47018942578
Teodomiro Lopes,teodomiro.lopes@example.com,33190937460
Belarmino Pires,belarmino.pires@example.com,71173536434
Jucelaine Barros,jucelaine.barros@example.com,87551354638
Nélio da Costa,nelio.dacosta@example.com,59727502792
Izolita Nunes,izolita.nunes@example.com,96196763601
Sauro Moraes,sauro.moraes@example.com,81346635595
Odete Costa,odete.costa@example.com,37116713735
Iag da Rocha,iag.darocha@example.com,27832233761
Gumersindo Pinto,gumersindo.pinto@example.com,47860067692
Patrizia Novaes,patrizia.novaes@example.com,21168294886
Andreo Ferreira,andreo.ferreira@example.com,60034909427
Leone Teixeira,leone.teixeira@example.com,92525122925
Nabor Oliveira,nabor.oliveira@example.com,42160797928
Amanda da Cunha,amanda.dacunha@example.com,15629369300
Romão Viana,romao.viana@example.com,76320342501
Núbia Silveira,nubia.silveira@example.com,25489800224
Itatiara Farias,itatiara.farias@example.com,46449352043
Monique Rodrigues,monique.rodrigues@example.com,81986187241
Laíza Ribeiro,laiza.ribeiro@example.com,67249582615
Guilia Ramones,ramones.ju@gmail.com,01411383605