name,email,document
Emanuela Campos,emanuela.campos@example.com,54047853062
Vilar  Ribeiro,vilar.ribeiro@example.com,35067721553
Susete das Neves,susete.dasneves@example.com,26656676146
Maitê Sales,maite.sales@example.com,28268013419
Valentino Almeida,valentino.almeida@example.com,2903940231
Rogério Santos,rogerio.santos@example.com,69495357322
Selésio Campos,selesio.campos@example.com,95737112730
Sebastiana Moura,sebastiana.moura@example.com,92916561781
Aneita Almeida,aneita.almeida@example.com,14117976044
Rika Rocha,rika.rocha@example.com,31643652842
Noah da Rocha,noah.darocha@example.com,76236876037
Floriana Silva,floriana.silva@example.com,66467765397
Héber Pires,heber.pires@example.com,93086124679
Leonídio Cavalcanti,leonidio.cavalcanti@example.com,34444813814
Zeneide Gomes,zeneide.gomes@example.com,28472639185
Aires Dias,aires.dias@example.com,50987652850
Juciele Melo,juciele.melo@example.com,45067219009
Dina Silva,dina.silva@example.com,99914420818
Caim Sales,caim.sales@example.com,62869728972
Edmur Farias,edmur.farias@example.com,89689181203
Maria Moreira,maria.moreira@example.com,22276455209
Francislene Ribeiro,francislene.ribeiro@example.com,18886037473
Anadir Gomes,anadir.gomes@example.com,9327177134
Luanda Caldeira,luanda.caldeira@example.com,45726420527
Clodomiro Peixoto,clodomiro.peixoto@example.com,27506722364
Vera Fogaça,vera.fogaca@example.com,32182541675
Martiniano da Cunha,martiniano.dacunha@example.com,3635913626
Edilaine Novaes,edilaine.novaes@example.com,72361979551
Angelino Sales,angelino.sales@example.com,39251388113
Joabe Barbosa,joabe.barbosa@example.com,97278006295
Jacinta Moraes,jacinta.moraes@example.com,16731537209
Adosindo Caldeira,adosindo.caldeira@example.com,99644480406
Deusete Moura,deusete.moura@example.com,14735130730
Balduíno Farias,balduino.farias@example.com,88616133810
Alberico Lopes,alberico.lopes@example.com,22704136440
Maristela Rezende,maristela.rezende@example.com,23101686881
Lindorfo Carvalho,lindorfo.carvalho@example.com,43570756963
Rogéria Oliveira,rogeria.oliveira@example.com,74399614986
Tanise Silveira,tanise.silveira@example.com,63394072262
Ivan Rodrigues,ivan.rodrigues@example.com,59322619864
Aparício da Rosa,aparicio.darosa@example.com,29896579911
Márlon Mendes,marlon.mendes@example.com,48953710502
Eugênia Aragão,eugenia.aragao@example.com,14969849196
Josane da Rocha,josane.darocha@example.com,22637800259
Raquélen Aragão,raquelen.aragao@example.com,36338488435
Osório da Cruz,osorio.dacruz@example.com,84698161282
Romina Pinto,romina.pinto@example.com,19016632484
Neotero Caldeira,neotero.caldeira@example.com,11034616803
Natalício Cardoso,natalicio.cardoso@example.com,58347419752
Fábia Silveira,fabia.silveira@example.com,97771502024
Caterine Barbosa,caterine.barbosa@example.com,80275939642
Mamede da Cunha,mamede.dacunha@example.com,7978860108
Lísia Souza,lisia.souza@example.com,2219866424
Suzy Cardoso,suzy.cardoso@example.com,41497828732
Selma Araújo,selma.araujo@example.com,58844087499
Everardo Nascimento,everardo.nascimento@example.com,95994767514
Evandra Carvalho,evandra.carvalho@example.com,15327216179
Leopoldo Vieira,leopoldo.vieira@example.com,27947381003
Lois Silva,lois.silva@example.com,73040403605
Perpétuo Mendes,perpetuo.mendes@example.com,97715820970
Maurício da Paz,mauricio.dapaz@example.com,12074340788
Nataniel Ribeiro,nataniel.ribeiro@example.com,43458223606
Romarilda Pinto,romarilda.pinto@example.com,33637186403
Emaús Jesus,emaus.jesus@example.com,90861552784
Tiara Vieira,tiara.vieira@example.com,19838242241
Genoveva da Mata,genoveva.damata@example.com,70114345260
Evêncio da Cruz,evencio.dacruz@example.com,62168136920
Francine Freitas,francine.freitas@example.com,40715946161
Uriel Almeida,uriel.almeida@example.com,53273449594
Simone Gonçalves,simone.goncalves@example.com,52122109416
Zilca Ramos,zilca.ramos@example.com,1171719990
Kelly Santos,kelly.santos@example.com,70160648246
Adriza Novaes,adriza.novaes@example.com,14152605324
Micael da Rocha,micael.darocha@example.com,71061112608
Clélia Costa,clelia.costa@example.com,12193465002
Édina da Cunha,edina.dacunha@example.com,38850632045
Jeremias Moreira,jeremias.moreira@example.com,36532160288
Marcela Ferreira,marcela.ferreira@example.com,80334924650
Ubirani da Mata,ubirani.damata@example.com,34364790559
Clodomiro da Luz,clodomiro.daluz@example.com,2907296701
Amaro Porto,amaro.porto@example.com,84061150766
Hélvio Cavalcanti,helvio.cavalcanti@example.com,47907356059
Miriam Sales,miriam.sales@example.com,41301427470
Leandra da Costa,leandra.dacosta@example.com,59734197207
Amadis Pires,amadis.pires@example.com,22886243531
Emeline Almeida,emeline.almeida@example.com,92632728835
Bendavid Santos,bendavid.santos@example.com,55916461402
Mara Teixeira,mara.teixeira@example.com,77711327404
Alba Gonçalves,alba.goncalves@example.com,2789244170
Hilde da Mata,hilde.damata@example.com,44530394921
Nelci da Mata,nelci.damata@example.com,22657343732
Zaqueu da Luz,zaqueu.daluz@example.com,64737505412
Vílmar Almeida,vilmar.almeida@example.com,37801192001
Heliodoro Barbosa,heliodoro.barbosa@example.com,37823808510
Daouane Fogaça,daouane.fogaca@example.com,77353936363
Udo Costa,udo.costa@example.com,73701345120
Vitálio Oliveira,vitalio.oliveira@example.com,39653314181
Adelindo Gomes,adelindo.gomes@example.com,55743645302
Mauritânia Ferreira,mauritania.ferreira@example.com,68797672220
Jóni Teixeira,joni.teixeira@example.com,84478523770
