name,email,document
Milton Cardoso,milton.cardoso@example.com,2180647565
Dena da Costa,dena.dacosta@example.com,78292543031
Anielo Moura,anielo.moura@example.com,34677803340
Petúnia Ferreira,petunia.ferreira@example.com,22382736461
Tatiane da Cruz,tatiane.dacruz@example.com,25092612908
Flávia das Neves,flavia.dasneves@example.com,19377443377
Amílcar Freitas,amilcar.freitas@example.com,73372247027
Ediane Almeida,ediane.almeida@example.com,98338262455
Lucrécia Dias,lucrecia.dias@example.com,33581043971
Leire Castro,leire.castro@example.com,14546678690
Osnaura da Cruz,osnaura.dacruz@example.com,85246157458
Valdelaine Moraes,valdelaine.moraes@example.com,36017925679
Dieter Farias,dieter.farias@example.com,87336655750
Orósio Porto,orosio.porto@example.com,22243001233
Ódin Rezende,odin.rezende@example.com,83011589135
Imaculada Lopes,imaculada.lopes@example.com,76853034422
Janardo Castro,janardo.castro@example.com,93282637861
Dário Cardoso,dario.cardoso@example.com,48193999770
Bertino Costa,bertino.costa@example.com,59291676802
Lenícia Caldeira,lenicia.caldeira@example.com,27384685192
Brian Nogueira,brian.nogueira@example.com,44576162497
Valdelaine Campos,valdelaine.campos@example.com,3554230570
Silene Gonçalves,silene.goncalves@example.com,20180344218
Albino Ribeiro,albino.ribeiro@example.com,13279151546
Elvino Alves,elvino.alves@example.com,77989699184
Firmo Lima,firmo.lima@example.com,36233576857
Eliana Rodrigues,eliana.rodrigues@example.com,18340718797
Adeodato Campos,adeodato.campos@example.com,10824244630
Rosibel Cardoso,rosibel.cardoso@example.com,11901313239
Vérter Caldeira,verter.caldeira@example.com,77398977603
Yara Gonçalves,yara.goncalves@example.com,15332967586
Parcidio Caldeira,parcidio.caldeira@example.com,86424958983
Estanislau Duarte,estanislau.duarte@example.com,89439933151
Valentina Caldeira,valentina.caldeira@example.com,1506732801
Graciele Moraes,graciele.moraes@example.com,9656868331
Tita Duarte,tita.duarte@example.com,53268533701
Tadeu Rocha,tadeu.rocha@example.com,3993805666
Aldalgisa Cardoso,aldalgisa.cardoso@example.com,27891735166
Izete Moreira,izete.moreira@example.com,65470996522
Laila Dias,laila.dias@example.com,62159863998
Rute Santos,rute.santos@example.com,77610832154
Elis Rodrigues,elis.rodrigues@example.com,54061030400
Herculano Gonçalves,herculano.goncalves@example.com,11194831745
Micaela Vieira,micaela.vieira@example.com,1236123735
Zeli Costa,zeli.costa@example.com,82093562758
Joselino Fernandes,joselino.fernandes@example.com,22635470537
Dinorá das Neves,dinora.dasneves@example.com,52362517888
Sumaya Moreira,sumaya.moreira@example.com,97405619185
Custódio das Neves,custodio.dasneves@example.com,94687186629
Gastão Sales,gastao.sales@example.com,1844349128
Eric Rocha,eric.rocha@example.com,43006807103
Úrsula Alves,ursula.alves@example.com,50634624806
Túlia Almeida,tulia.almeida@example.com,29766476233
Gelcira Vieira,gelcira.vieira@example.com,5905408742
Zélia Nunes,zelia.nunes@example.com,76192397821
Apolo Duarte,apolo.duarte@example.com,28696022866
Inocêncio Pereira,inocencio.pereira@example.com,91312169354
Veridiano Pereira,veridiano.pereira@example.com,24463321964
Túlio Sales,tulio.sales@example.com,25554449395
Marilene Nogueira,marilene.nogueira@example.com,22493669509
Felinta da Rocha,felinta.darocha@example.com,81807013014
Georgeta Gonçalves,georgeta.goncalves@example.com,56604557510
Natalino Souza,natalino.souza@example.com,73535081246
Francyelle Santos,francyelle.santos@example.com,91604984473
Cildo Rodrigues,cildo.rodrigues@example.com,89166789869
Berardo Cardoso,berardo.cardoso@example.com,6707613626
Zaira Nogueira,zaira.nogueira@example.com,99539017246
Filipo Lopes,filipo.lopes@example.com,13129295453
António Caldeira,antonio.caldeira@example.com,61865511560
Traia da Mata,traia.damata@example.com,78462106028
Altino da Cunha,altino.dacunha@example.com,89124212202
Leonaura Mendes,leonaura.mendes@example.com,42664531409
Sidónio de Souza,sidonio.desouza@example.com,70820178802
Aubri Pinto,aubri.pinto@example.com,12819288014
Inessa da Conceição,inessa.daconceicao@example.com,28842862843
Maricota Lopes,maricota.lopes@example.com,35160169229
Liliosa Cavalcanti,liliosa.cavalcanti@example.com,79824180400
Luciana da Mata,luciana.damata@example.com,96283712312
Mariano da Rocha,mariano.darocha@example.com,72993637711
Césaro de Souza,cesaro.desouza@example.com,69160573600
Aldo Martins,aldo.martins@example.com,66018713039
Rúdi Araújo,rudi.araujo@example.com,67084615288
Anolido Rocha,anolido.rocha@example.com,13844558330
Laurentino Carvalho,laurentino.carvalho@example.com,60882844806
Décio Cavalcanti,decio.cavalcanti@example.com,19451776168
Heliodoro Gonçalves,heliodoro.goncalves@example.com,78354541061
Vílmar Nascimento,vilmar.nascimento@example.com,12278636162
Zelaine da Cunha,zelaine.dacunha@example.com,98099793986
Ticira Pinto,ticira.pinto@example.com,7597180837
Amável Gomes,amavel.gomes@example.com,54151272917
Marcele Cardoso,marcele.cardoso@example.com,59958350769
Darciana Fernandes,darciana.fernandes@example.com,49390661854
Denira Santos,denira.santos@example.com,47782589088
Alexsandra Viana,alexsandra.viana@example.com,64552579797
Olegário Sales,olegario.sales@example.com,36193664467
Daiane Silva,daiane.silva@example.com,97146402967
Sulani Fernandes,sulani.fernandes@example.com,43078707946
Nete Jesus,nete.jesus@example.com,66021325800
Alfredo Gomes,alfredo.gomes@example.com,2724055748
Jordina Araújo,jordina.araujo@example.com,72714206140
