name,email,document
Aziz Oliveira,aziz.oliveira@example.com,77193263005
Josie Jesus,josie.jesus@example.com,46860446420
Natã da Mata,nata.damata@example.com,45579265506
Genésio Nascimento,genesio.nascimento@example.com,98851509190
Romão Aragão,romao.aragao@example.com,10623093758
Cildo Pereira,cildo.pereira@example.com,40100787827
Josélia Ribeiro,joselia.ribeiro@example.com,62647081786
Zênia da Luz,zenia.daluz@example.com,53368657534
Gusmão Jesus,gusmao.jesus@example.com,17300241069
Eveline Pinto,eveline.pinto@example.com,59760399369
Isaac Campos,isaac.campos@example.com,34488147682
Bárbaro Barbosa,barbaro.barbosa@example.com,11311956557
Suzy Almeida,suzy.almeida@example.com,11211880877
Marizete Silveira,marizete.silveira@example.com,74701153745
Rosalva Moreira,rosalva.moreira@example.com,87635983962
Magdalena Melo,magdalena.melo@example.com,58467559250
Lavínia Rocha,lavinia.rocha@example.com,14798657026
Alberta Cavalcanti,alberta.cavalcanti@example.com,49987466850
Chaiane Jesus,chaiane.jesus@example.com,64959485060
Aquino da Costa,aquino.dacosta@example.com,41988876672
Ausendo da Cunha,ausendo.dacunha@example.com,45321206759
Marilice Carvalho,marilice.carvalho@example.com,17757350360
Holdina Rezende,holdina.rezende@example.com,16465467500
Heliodoro da Conceição,heliodoro.daconceicao@example.com,4311442068
Dália Santos,dalia.santos@example.com,117634697
Habacuque Melo,habacuque.melo@example.com,82350609227
Irísia da Mota,irisia.damota@example.com,78390910241
Selmira Melo,selmira.melo@example.com,9734746103
Núbia Fogaça,nubia.fogaca@example.com,32234305390
Guiomar Nunes,guiomar.nunes@example.com,59620667158
Cecílio da Mota,cecilio.damota@example.com,88860046564
Biolange Barros,biolange.barros@example.com,69101941950
Veríssimo da Luz,verissimo.daluz@example.com,78467102144
Silvéria Peixoto,silveria.peixoto@example.com,47873265706
Magdalena da Mata,magdalena.damata@example.com,47595075823
Berto Farias,berto.farias@example.com,88770493596
Wanderleya Caldeira,wanderleya.caldeira@example.com,39148378615
Rolim da Luz,rolim.daluz@example.com,62707515191
Amador Gomes,amador.gomes@example.com,37435703516
Janique Pereira,janique.pereira@example.com,51213589622
Cedrico Silva,cedrico.silva@example.com,11012653293
Marice Aragão,marice.aragao@example.com,57863689392
Clarissa de Souza,clarissa.desouza@example.com,96115145066
Antenor Souza,antenor.souza@example.com,34343800270
Núria Moreira,nuria.moreira@example.com,29832818761
Jabes Novaes,jabes.novaes@example.com,34200777509
Quim Moura,quim.moura@example.com,77012021888
Hermelinda Almeida,hermelinda.almeida@example.com,27716240366
Lucinara Pires,lucinara.pires@example.com,97663602943
Zacarias Moreira,zacarias.moreira@example.com,12758278375
Rói Farias,roi.farias@example.com,68675761848
Silmara Teixeira,silmara.teixeira@example.com,66632188320
Goma Mendes,goma.mendes@example.com,4914329336
Kely Melo,kely.melo@example.com,7618995370
Nélson Vieira,nelson.vieira@example.com,14349077243
Risiele Moura,risiele.moura@example.com,14007127000
Ariovalda Lima,ariovalda.lima@example.com,82047403103
Riu Teixeira,riu.teixeira@example.com,47402317862
Lélia Porto,lelia.porto@example.com,57270798885
Cenira Lopes,cenira.lopes@example.com,83536627951
Bento Caldeira,bento.caldeira@example.com,85607848884
Célsio Castro,celsio.castro@example.com,31323508856
Rói Rodrigues,roi.rodrigues@example.com,55014347410
Helier Fogaça,helier.fogaca@example.com,7211903678
Vilma Teixeira,vilma.teixeira@example.com,24404913141
Adalberto Mendes,adalberto.mendes@example.com,50074742078
Tasso da Mata,tasso.damata@example.com,66802533308
Élsio Barros,elsio.barros@example.com,8742187052
Gualdim Santos,gualdim.santos@example.com,57565236500
Indira Pires,indira.pires@example.com,75909726900
Claudilene Peixoto,claudilene.peixoto@example.com,32702608221
Alexandrino Pires,alexandrino.pires@example.com,1934814806
Donzílio da Rosa,donzilio.darosa@example.com,43951459069
Rosália Vieira,rosalia.vieira@example.com,16790809112
Fabiele Dias,fabiele.dias@example.com,21708480102
Adalgisa da Cunha,adalgisa.dacunha@example.com,48597632623
Varo Rocha,varo.rocha@example.com,47989233703
Alcibíades Duarte,alcibiades.duarte@example.com,32491741733
Zaida Lopes,zaida.lopes@example.com,78951910121
Donaldo Jesus,donaldo.jesus@example.com,81973789167
Timóteo Lima,timoteo.lima@example.com,21533623007
Ápio Lopes,apio.lopes@example.com,31743788509
Arquibaldo Monteiro,arquibaldo.monteiro@example.com,15780325987
Vergílio da Costa,vergilio.dacosta@example.com,90584956398
Odúlia Aragão,odulia.aragao@example.com,13731376571
Dulce Silva,dulce.silva@example.com,4450643151
Silvestre Cavalcanti,silvestre.cavalcanti@example.com,47030384717
Déborah Alves,deborah.alves@example.com,15477139927
Olivier Jesus,olivier.jesus@example.com,76945773809
Marionice da Paz,marionice.dapaz@example.com,24706904552
Natércio Pereira,natercio.pereira@example.com,41790492602
Lucineide Santos,lucineide.santos@example.com,5089327181
Anselmo Gonçalves,anselmo.goncalves@example.com,63228385043
Clecira Pereira,clecira.pereira@example.com,36346008293
Rosária Farias,rosaria.farias@example.com,51196319162
Germano das Neves,germano.dasneves@example.com,89081574337
Arcádio Souza,arcadio.souza@example.com,95989228201
Hélmut Fernandes,helmut.fernandes@example.com,13081583004
Serafim Moraes,serafim.moraes@example.com,60638976235
Rodrigo Rodrigues,rodrigo.rodrigues@example.com,90052103625
