name,email,document
Adelina da Paz,adelina.dapaz@example.com,40339721537
Faustina Nascimento,faustina.nascimento@example.com,28551020650
Suleni da Rocha,suleni.darocha@example.com,43007546834
Antero da Mota,antero.damota@example.com,69918294477
Emi Castro,emi.castro@example.com,70232363501
Filipe Alves,filipe.alves@example.com,76807609850
Adna Fernandes,adna.fernandes@example.com,78055579261
Gervásio Souza,gervasio.souza@example.com,43762338892
Perpétua Ramos,perpetua.ramos@example.com,19561546396
Dirque da Cunha,dirque.dacunha@example.com,72752306822
Caleb Pinto,caleb.pinto@example.com,93436657093
Alena Ribeiro,alena.ribeiro@example.com,83576184481
Nairele Alves,nairele.alves@example.com,42648432000
Dalvânia Barbosa,dalvania.barbosa@example.com,26217211092
Rogério Monteiro,rogerio.monteiro@example.com,65236034825
Ildo Barros,ildo.barros@example.com,13034319550
Trajano Oliveira,trajano.oliveira@example.com,39308108165
Sisenando Viana,sisenando.viana@example.com,53800750961
Milton Melo,milton.melo@example.com,63420980507
Ivanice Pires,ivanice.pires@example.com,40822299143
Valdira das Neves,valdira.dasneves@example.com,87889677278
Milton Jesus,milton.jesus@example.com,74039428099
Bento Moreira,bento.moreira@example.com,15005268359
Gaspar Mendes,gaspar.mendes@example.com,20285181033
Brice da Costa,brice.dacosta@example.com,3859757679
Yones Nascimento,yones.nascimento@example.com,97917156451
Adiles Dias,adiles.dias@example.com,40814125700
Kleydianne Dias,kleydianne.dias@example.com,88657816105
Albetina Oliveira,albetina.oliveira@example.com,70394360001
Denil Gonçalves,denil.goncalves@example.com,49265879980
Rose Nascimento,rose.nascimento@example.com,28252704239
Alípio Fogaça,alipio.fogaca@example.com,95229960841
Moisés Rodrigues,moises.rodrigues@example.com,16276034762
Carlota Martins,carlota.martins@example.com,91610673344
Jandirene Nogueira,jandirene.nogueira@example.com,98897166075
Augusto Dias,augusto.dias@example.com,55709431702
Sabrina Moraes,sabrina.moraes@example.com,75597158007
Roli Araújo,roli.araujo@example.com,7602879619
Etiene Mendes,etiene.mendes@example.com,41861314906
Cátia Rocha,catia.rocha@example.com,85234019977
Melanie da Mata,melanie.damata@example.com,64139819030
Jucineide Almeida,jucineide.almeida@example.com,73424304980
Elisabete Rezende,elisabete.rezende@example.com,27102917031
Mirela Moreira,mirela.moreira@example.com,6030617885
Álvaro Araújo,alvaro.araujo@example.com,97690849806
Zaqueu Caldeira,zaqueu.caldeira@example.com,10446905267
Verena Almeida,verena.almeida@example.com,41768192863
Jaime Moreira,jaime.moreira@example.com,36740506418
Clarisa Barbosa,clarisa.barbosa@example.com,43830244401
Cirlei Campos,cirlei.campos@example.com,81827600705
Vílson Jesus,vilson.jesus@example.com,72565238827
Onildo Silva,onildo.silva@example.com,16580070773
Onira Lopes,onira.lopes@example.com,8399582182
Selmira da Mota,selmira.damota@example.com,87311536316
Primitivo Rocha,primitivo.rocha@example.com,1005975213
Aderico Cardoso,aderico.cardoso@example.com,3762175101
Gracielen Rocha,gracielen.rocha@example.com,20280207336
Silas da Paz,silas.dapaz@example.com,86403307355
Aarão Almeida,aarao.almeida@example.com,40761546499
Ariana da Conceição,ariana.daconceicao@example.com,83391081902
Cecy Barbosa,cecy.barbosa@example.com,6376015727
Aquilino Nunes,aquilino.nunes@example.com,31253816573
Salomão Dias,salomao.dias@example.com,26346829211
Rica Campos,rica.campos@example.com,55855420280
Sandra Lima,sandra.lima@example.com,22069283887
Dércio Lopes,dercio.lopes@example.com,83908210950
Barac Barbosa,barac.barbosa@example.com,70258911425
Mariko Alves,mariko.alves@example.com,67426663744
Caíco Sales,caico.sales@example.com,38333853919
Afonsino Moraes,afonsino.moraes@example.com,74105870670
Irene da Paz,irene.dapaz@example.com,16187574583
Lécio Rezende,lecio.rezende@example.com,50095594205
Janice Cardoso,janice.cardoso@example.com,22508732168
Frida Sales,frida.sales@example.com,14995688943
Daniele Costa,daniele.costa@example.com,14251560531
Elisiário Moreira,elisiario.moreira@example.com,44369713250
Luciene Melo,luciene.melo@example.com,55174144860
Bridget Campos,bridget.campos@example.com,21341487300
Natalino das Neves,natalino.dasneves@example.com,57849651588
Juraci Monteiro,juraci.monteiro@example.com,43174468710
Nilda Viana,nilda.viana@example.com,92120154090
Marcíntia Cardoso,marcintia.cardoso@example.com,80299554481
Bridget Oliveira,bridget.oliveira@example.com,26235533780
Hirondino Souza,hirondino.souza@example.com,1595095560
Gisélida Lima,giselida.lima@example.com,81672243173
Lineu Rodrigues,lineu.rodrigues@example.com,61758533935
Lorena Souza,lorena.souza@example.com,38427444559
Priteche Teixeira,priteche.teixeira@example.com,5317812755
Ilza da Rosa,ilza.darosa@example.com,92310919640
Selmo Souza,selmo.souza@example.com,12670146953
Zulmara Viana,zulmara.viana@example.com,52580485430
Apolinário Costa,apolinario.costa@example.com,81602379955
Baptista das Neves,baptista.dasneves@example.com,80816544026
Tobias Teixeira,tobias.teixeira@example.com,26394590401
Urbino Almeida,urbino.almeida@example.com,79228425547
Venâncio Teixeira,venancio.teixeira@example.com,87462589494
Agnelo Carvalho,agnelo.carvalho@example.com,86940550402
Tita Novaes,tita.novaes@example.com,84516646447
Rosenira da Rocha,rosenira.darocha@example.com,49295174003
Délia Monteiro,delia.monteiro@example.com,44736269979
