name,email,document
Oscar Reed,o.reed@randatmail.com,41948673002
Charlotte Evans,c.evans@randatmail.com,34609015277
Stella Kelley,s.kelley@randatmail.com,97093076653
Edith Morgan,e.morgan@randatmail.com,23516793007
Daryl Campbell,d.campbell@randatmail.com,72053047410
Ada Alexander,a.alexander@randatmail.com,63152378866
Carl Kelley,c.kelley@randatmail.com,53458506403
Tiana Russell,t.russell@randatmail.com,35174985562
Albert Alexander,a.alexander@randatmail.com,72711879283
Thomas Alexander,t.alexander@randatmail.com,58567240891
Victor Myers,v.myers@randatmail.com,47819349271
Tess Cooper,t.cooper@randatmail.com,72671806809
Heather Turner,h.turner@randatmail.com,84230250983
Tess Evans,t.evans@randatmail.com,16334107062
Jasmine Morgan,j.morgan@randatmail.com,81776737423
Kristian Tucker,k.tucker@randatmail.com,15664526947
Chloe Higgins,c.higgins@randatmail.com,36735802721
Jared Tucker,j.tucker@randatmail.com,56179022968
Maya Harris,m.harris@randatmail.com,28554595599
Kimberly Adams,k.adams@randatmail.com,64079854200
Valeria Russell,v.russell@randatmail.com,93475395703
Honey Taylor,h.taylor@randatmail.com,25309071881
Oliver Miller,o.miller@randatmail.com,9879220099
Adison Edwards,a.edwards@randatmail.com,69779628444
Alina Ross,a.ross@randatmail.com,75965034113
Oscar Wilson,o.wilson@randatmail.com,72637851295
Lily Brown,l.brown@randatmail.com,30495733253
Evelyn Gibson,e.gibson@randatmail.com,93659973645
Jasmine Spencer,j.spencer@randatmail.com,17907163498
Michael Miller,m.miller@randatmail.com,40719328640
Kate Tucker,k.tucker@randatmail.com,55595104678
April Martin,a.martin@randatmail.com,67360907926
Briony Morris,b.morris@randatmail.com,75801669094
Aiden Barnes,a.barnes@randatmail.com,74231260982
Oliver Alexander,o.alexander@randatmail.com,90006235298
Tyler Spencer,t.spencer@randatmail.com,12606107489
Arthur Richardson,a.richardson@randatmail.com,31264027800
Daryl Warren,d.warren@randatmail.com,57587699244
Jenna Douglas,j.douglas@randatmail.com,80156282887
Connie Martin,c.martin@randatmail.com,58867934457
Olivia Allen,o.allen@randatmail.com,95065238359
James Evans,j.evans@randatmail.com,21701994119
Dainton Turner,d.turner@randatmail.com,35894947863
Evelyn Brown,e.brown@randatmail.com,30921703937
William Clark,w.clark@randatmail.com,55775030940
Roman Montgomery,r.montgomery@randatmail.com,33961687986
Tiana Cunningham,t.cunningham@randatmail.com,17658847801
James Morgan,j.morgan@randatmail.com,10654090602
Carl Barnes,c.barnes@randatmail.com,91573953490
Melanie Bennett,m.bennett@randatmail.com,98864274693
Andrew Crawford,a.crawford@randatmail.com,72446527981
Ted Brooks,t.brooks@randatmail.com,71004397879
Brooke Barrett,b.barrett@randatmail.com,3108600400
Connie Russell,c.russell@randatmail.com,87083942889
James Warren,j.warren@randatmail.com,19802421278
Sofia Walker,s.walker@randatmail.com,2608935877
Briony Taylor,b.taylor@randatmail.com,38178494000
William Perry,w.perry@randatmail.com,2925644651
Camila Reed,c.reed@randatmail.com,91629380539
Tara Ferguson,t.ferguson@randatmail.com,94593697743
Bruce Wells,b.wells@randatmail.com,90994308760
Adrianna Rogers,a.rogers@randatmail.com,52412120943
Kevin Casey,k.casey@randatmail.com,94205405707
Sawyer Johnson,s.johnson@randatmail.com,65148097825
Oscar Fowler,o.fowler@randatmail.com,60120597950
Carlos Turner,c.turner@randatmail.com,5306608736
Walter Gray,w.gray@randatmail.com,56351864755
Dainton Parker,d.parker@randatmail.com,83182489453
Kellan Thomas,k.thomas@randatmail.com,49186527860
Sarah Cunningham,s.cunningham@randatmail.com,46531269847
Daniel Campbell,d.campbell@randatmail.com,55147488472
Charlotte Grant,c.grant@randatmail.com,18934174927
Adison Henderson,a.henderson@randatmail.com,81365728528
Amanda Thomas,a.thomas@randatmail.com,78936844709
Clark Ross,c.ross@randatmail.com,32647123349
Edgar Dixon,e.dixon@randatmail.com,73851556500
Kevin Morris,k.morris@randatmail.com,27339993703
Byron Turner,b.turner@randatmail.com,40318926407
Sofia Owens,s.owens@randatmail.com,90781932718
Tony Crawford,t.crawford@randatmail.com,45137582603
Paige Johnson,p.johnson@randatmail.com,6467549554
Cadie Elliott,c.elliott@randatmail.com,70774605502
Antony Myers,a.myers@randatmail.com,27368661500
Amber Johnston,a.johnston@randatmail.com,11471852474
Arthur Dixon,a.dixon@randatmail.com,81848634706
Derek Mitchell,d.mitchell@randatmail.com,66573499476
Ted Bennett,t.bennett@randatmail.com,56977436530
Ellia Johnston,e.johnston@randatmail.com,937548413
Spike Tucker,s.tucker@randatmail.com,35126272853
Jack Johnson,j.johnson@randatmail.com,94423384558
Freddie Evans,f.evans@randatmail.com,74084502898
Chloe Nelson,c.nelson@randatmail.com,95356081189
Dominik Mason,d.mason@randatmail.com,22320083200
Robert Campbell,r.campbell@randatmail.com,6306663690
Thomas Smith,t.smith@randatmail.com,22436365733
Sophia Perkins,s.perkins@randatmail.com,98649750052
Robert Henderson,r.henderson@randatmail.com,97653342736
Adelaide Brown,a.brown@randatmail.com,11312265850
Ellia Craig,e.craig@randatmail.com,55630212206
Alford Higgins,a.higgins@randatmail.com,96908039994
