name,email,document
Vanusa Barros,vanusa.barros@example.com,94843351105
Judas Jesus,judas.jesus@example.com,20784278610
Delani da Cunha,delani.dacunha@example.com,55599441229
Nobre Nascimento,nobre.nascimento@example.com,28959911895
Suly Ribeiro,suly.ribeiro@example.com,18780421571
Estanislau Jesus,estanislau.jesus@example.com,69670135567
Vanner Campos,vanner.campos@example.com,54056416508
Serafim Santos,serafim.santos@example.com,61536532355
Tálio da Rosa,talio.darosa@example.com,61109394390
Tude Ribeiro,tude.ribeiro@example.com,14915903869
Enoque Ramos,enoque.ramos@example.com,22589436807
Barnabé Gomes,barnabe.gomes@example.com,50733102255
Petúnia Cardoso,petunia.cardoso@example.com,36771547663
Romilda Rocha,romilda.rocha@example.com,75864529036
Clarice Araújo,clarice.araujo@example.com,6167528225
Valesca Nogueira,valesca.nogueira@example.com,43111448576
Ximena Dias,ximena.dias@example.com,90350968519
Hildegardo Peixoto,hildegardo.peixoto@example.com,23667088230
Bertoldo da Cunha,bertoldo.dacunha@example.com,7696159887
Nino Rodrigues,nino.rodrigues@example.com,16066735489
Armelim Mendes,armelim.mendes@example.com,21274283230
Liliano da Mata,liliano.damata@example.com,2271816033
Giovani da Mota,giovani.damota@example.com,95836233691
Melânia da Paz,melania.dapaz@example.com,51621669289
Almirodo Novaes,almirodo.novaes@example.com,52441362321
Chaiane Farias,chaiane.farias@example.com,52376355559
Lucimeri Nunes,lucimeri.nunes@example.com,99083245438
Sotero Martins,sotero.martins@example.com,62095987810
José da Costa,jose.dacosta@example.com,80942628268
Roseli Mendes,roseli.mendes@example.com,90845839900
Eduartino Pires,eduartino.pires@example.com,67443675100
Januário Moraes,januario.moraes@example.com,14283199648
Nivaldo Rocha,nivaldo.rocha@example.com,72624511113
Santiago Lima,santiago.lima@example.com,36403928171
Marilce da Cunha,marilce.dacunha@example.com,41719963339
Josefa Caldeira,josefa.caldeira@example.com,4742993330
Sadraque Moura,sadraque.moura@example.com,3665465117
Godofredo Novaes,godofredo.novaes@example.com,55503797248
Adelaide da Costa,adelaide.dacosta@example.com,11803631597
Guildo Viana,guildo.viana@example.com,17240928551
Analide Barbosa,analide.barbosa@example.com,71817986937
Celi Melo,celi.melo@example.com,42116068592
Adrião Carvalho,adriao.carvalho@example.com,21303319390
Barcino Rocha,barcino.rocha@example.com,56424101721
Plácido Campos,placido.campos@example.com,49577409415
Emo Ramos,emo.ramos@example.com,69023791304
Josefino Souza,josefino.souza@example.com,55591387977
Clésio Costa,clesio.costa@example.com,57924072314
Olenka Souza,olenka.souza@example.com,42748732774
Pitágoras Costa,pitagoras.costa@example.com,49749367359
Octaviano Almeida,octaviano.almeida@example.com,24197299001
Leónidas Almeida,leonidas.almeida@example.com,72996968433
Madaleno da Cruz,madaleno.dacruz@example.com,43388541620
Acácio Duarte,acacio.duarte@example.com,36930302430
Marlene Cardoso,marlene.cardoso@example.com,65272845510
Perpétua Rocha,perpetua.rocha@example.com,45658696402
Dinarte Alves,dinarte.alves@example.com,81282662333
Argemiro Ramos,argemiro.ramos@example.com,58473506359
Mar Lima,mar.lima@example.com,56921292720
Quinota da Rocha,quinota.darocha@example.com,75512728601
James Alves,james.alves@example.com,44253640745
Ciciane de Souza,ciciane.desouza@example.com,62223408656
Eduarda Duarte,eduarda.duarte@example.com,45133730080
Rúdi Fernandes,rudi.fernandes@example.com,82031210041
Romarigo Fogaça,romarigo.fogaca@example.com,84177592714
Elisandra Rezende,elisandra.rezende@example.com,39435224075
Loni Caldeira,loni.caldeira@example.com,7367002937
Adalgisa Oliveira,adalgisa.oliveira@example.com,76228265962
Aparecida da Conceição,aparecida.daconceicao@example.com,6859436905
Patrício Freitas,patricio.freitas@example.com,53925976299
Lindalva da Rocha,lindalva.darocha@example.com,45146042675
Gusmão Caldeira,gusmao.caldeira@example.com,43253403190
Sílnior Araújo,silnior.araujo@example.com,91687481407
César Porto,cesar.porto@example.com,45753815430
Iracilda Araújo,iracilda.araujo@example.com,69658298850
Anselmo Vieira,anselmo.vieira@example.com,41802418113
Tânia Barbosa,tania.barbosa@example.com,89115167674
Rodrigo Almeida,rodrigo.almeida@example.com,39259544068
Ariovanda Alves,ariovanda.alves@example.com,18986808501
Horácio Duarte,horacio.duarte@example.com,37764850780
Octávio da Cunha,octavio.dacunha@example.com,40555362590
Pietra Moreira,pietra.moreira@example.com,85320599536
Airton Viana,airton.viana@example.com,67720346785
Adonias da Paz,adonias.dapaz@example.com,44405155844
Primo Castro,primo.castro@example.com,31759485454
Mayara Santos,mayara.santos@example.com,22639218859
Dionísio Duarte,dionisio.duarte@example.com,83640137183
Isolda Sales,isolda.sales@example.com,57961745505
Giulia Souza,giulia.souza@example.com,55328757076
Garibaldo da Conceição,garibaldo.daconceicao@example.com,96044838544
Genésio Silveira,genesio.silveira@example.com,10780716671
Rúdi Barros,rudi.barros@example.com,30574840265
Caíco da Luz,caico.daluz@example.com,82601005173
Vero Lopes,vero.lopes@example.com,68003108837
Zélia Nascimento,zelia.nascimento@example.com,82117303676
Antão Gomes,antao.gomes@example.com,11796692662
Vivaldo Nunes,vivaldo.nunes@example.com,88419877662
Anastácia Carvalho,anastacia.carvalho@example.com,19296265339
Tina da Luz,tina.daluz@example.com,9089945326
Miriam da Luz,miriam.daluz@example.com,49617425114
